file,title
50yr-PrecipEvent-bar.png,Test1
AET.in-spaghetti.jpg,Test2
avg_SM.in-Density.png,avg_SM.in-Density
avg_SM.in-Monthly-line.png,avg_SM.in-Monthly-line
BegGrow-Annual-bar.png,BegGrow-Annual-bar
BegGrow-Annual-box.png,BegGrow-Annual-box
BegGrow-Annual-timeseries.png,BegGrow-Annual-timeseries
D.in-Timeseries.png,D.in-Timeseries
DroughtCharacteristics-1-Panel.png,DroughtCharacteristics-1-Panel
DroughtCharacteristics-2-Panel.png,DroughtCharacteristics-2-Panel
Drought-characteristics-panel.png,Drought-characteristics-panel
DroughtDuration-Bar.png,DroughtDuration-Bar
DroughtFrequency-Bar.png,DroughtFrequency-Bar
DroughtIntensity-Bar.png,DroughtIntensity-Bar
DroughtSeverity-Bar.png,DroughtSeverity-Bar
FThaw-Annual-bar.png,FThaw-Annual-bar
FThaw-Annual-box.png,FThaw-Annual-box
FThaw-Annual-timeseries.png,FThaw-Annual-timeseries
GrowLen-Annual-bar.png,GrowLen-Annual-bar
GrowLen-Annual-box.png,GrowLen-Annual-box
GrowLen-Annual-timeseries.png,GrowLen-Annual-timeseries
HI.Dan-Annual-bar.png,HI.Dan-Annual-bar
HI.Dan-Annual-box.png,HI.Dan-Annual-box
HI.Dan-Annual-timeseries.png,HI.Dan-Annual-timeseries
max_pack.in-Annual-bar.png,max_pack.in-Annual-bar
max_SWEaccum.in-Annual-line.png,max_SWEaccum.in-Annual-line
OverHighQ-Annual-bar.png,OverHighQ-Annual-bar
OverHighQ-Annual-box.png,OverHighQ-Annual-box
OverHighQ-Annual-timeseries.png,OverHighQ-Annual-timeseries
OverHotTemp-Annual-bar.png,OverHotTemp-Annual-bar
OverHotTemp-Annual-box.png,OverHotTemp-Annual-box
OverHotTemp-Annual-timeseries.png,OverHotTemp-Annual-timeseries
OverPrecip95-Annual-bar.png,OverPrecip95-Annual-bar
OverPrecip95-Annual-box.png,OverPrecip95-Annual-box
OverPrecip95-Annual-timeseries.png,OverPrecip95-Annual-timeseries
OverPrecip99-Annual-bar.png,OverPrecip99-Annual-bar
OverPrecip99-Annual-box.png,OverPrecip99-Annual-box
OverPrecip99-Annual-timeseries.png,OverPrecip99-Annual-timeseries
OverTmax99-HI.Dan-Panel.jpg,OverTmax99-HI.Dan-Panel
Panel-D.in-VPD.png,Panel-D.in-VPD
Panel-D.in-WaterBalance.png,Panel-D.in-WaterBalance
PrcpIn-Annual-bar.png,PrcpIn-Annual-bar
PrcpIn-Annual-box.png,PrcpIn-Annual-box
PrcpIn-Annual-timeseries.png,PrcpIn-Annual-timeseries
PrcpInDelta-Monthly-bar.png,PrcpInDelta-Monthly-bar
PrcpInDelta-Seasonal-bar.png,PrcpInDelta-Seasonal-bar
PrcpIn-Timeseries.png,PrcpIn-Timeseries
PrcpPctDelta-Monthly-bar.png,PrcpPctDelta-Monthly-bar
PrcpPctDelta-Seasonal-bar.png,PrcpPctDelta-Seasonal-bar
PrecipOver1-Annual-bar.png,PrecipOver1-Annual-bar
PrecipOver1-Annual-box.png,PrecipOver1-Annual-box
PrecipOver1-Annual-timeseries.png,PrecipOver1-Annual-timeseries
PrecipOver2-Annual-bar.png,PrecipOver2-Annual-bar
PrecipOver2-Annual-box.png,PrecipOver2-Annual-box
PrecipOver2-Annual-timeseries.png,PrecipOver2-Annual-timeseries
Precip-Return-Event-curve.png,Precip-Return-Event-curve
Precip-Return-Event-curve-50yr-lines.png,Precip-Return-Event-curve-50yr-lines
Precip-Return-Event-curve-prcp-lines.png,Precip-Return-Event-curve-prcp-lines
Recurrenceinterval-OverPrecip99-Panel.png,Recurrenceinterval-OverPrecip99-Panel
Recurrenceinterval-Runoff.in-Panel.png,Recurrenceinterval-Runoff.in-Panel
RHmeanDelta-Monthly-bar.png,RHmeanDelta-Monthly-bar
RHmeanDelta-Seasonal-bar.png,RHmeanDelta-Seasonal-bar
Runoff.in-spaghetti.jpg,Runoff.in-spaghetti
Runoff.in-Timeseries.png,Runoff.in-Timeseries
SM.in-spaghetti.jpg,SM.in-spaghetti
Sp.Frost-Annual-bar.png,Sp.Frost-Annual-bar
Sp.Frost-Annual-box.png,Sp.Frost-Annual-box
Sp.Frost-Annual-timeseries.png,Sp.Frost-Annual-timeseries
SPEI-CF1-Annual-bar.png,SPEI-CF1-Annual-bar
SPEI-CF1-gridmet-Annual-bar.png,SPEI-CF1-gridmet-Annual-bar
SPEI-CF2-Annual-bar.png,SPEI-CF2-Annual-bar
SPEI-CF2-gridmet-Annual-bar.png,SPEI-CF2-gridmet-Annual-bar
SPEI-Panel.png,SPEI-Panel
sum_aet.in-Monthly-line.png,sum_aet.in-Monthly-line
sum_d.in-Density.png,sum_d.in-Density
sum_d.in-Monthly-line.png,sum_d.in-Monthly-line
sum_runoff.in-Monthly-line.png,sum_runoff.in-Monthly-line
sum_SWEaccum.in-Monthly-line.png,sum_SWEaccum.in-Monthly-line
SWEaccum.in-Density-max.png,SWEaccum.in-Density-max
SWEaccum.in-spaghetti.jpg,SWEaccum.in-spaghetti
SWEaccum.in-Timeseries.png,SWEaccum.in-Timeseries
TavgF_D.in-Timeseries.png,TavgF_D.in-Timeseries
TavgF_Runoff.in-Timeseries.png,TavgF_Runoff.in-Timeseries
TavgF_SWEaccum.in-Timeseries.png,TavgF_SWEaccum.in-Timeseries
TavgF-Annual-bar.png,TavgF-Annual-bar
TavgF-Annual-box.png,TavgF-Annual-box
TavgF-Annual-timeseries.png,TavgF-Annual-timeseries
TavgFDelta-Monthly-line.png,TavgFDelta-Monthly-line
TavgFOver41-Annual-bar.png,TavgFOver41-Annual-bar
TavgFOver41-Annual-box.png,TavgFOver41-Annual-box
TavgFOver41-Annual-timeseries.png,TavgFOver41-Annual-timeseries
TavgF-PrcpIn-Timeseries.png,TavgF-PrcpIn-Timeseries
TavgF-Timeseries.png,TavgF-Timeseries
Tmax99-Annual-bar.png,Tmax99-Annual-bar
Tmax99-Annual-box.png,Tmax99-Annual-box
Tmax99-Annual-timeseries.png,Tmax99-Annual-timeseries
TmaxFDelta-Monthly-line.png,TmaxFDelta-Monthly-line
TminFDelta-Monthly-line.png,TminFDelta-Monthly-line
TminF-TmaxF-Panel.png,TminF-TmaxF-Panel
UnderColdTemp-Annual-bar.png,UnderColdTemp-Annual-bar
UnderColdTemp-Annual-box.png,UnderColdTemp-Annual-box
UnderColdTemp-Annual-timeseries.png,UnderColdTemp-Annual-timeseries
UnderLowQ-Annual-bar.png,UnderLowQ-Annual-bar
UnderLowQ-Annual-box.png,UnderLowQ-Annual-box
UnderLowQ-Annual-timeseries.png,UnderLowQ-Annual-timeseries
VPDDelta-Monthly-bar.png,VPDDelta-Monthly-bar
VPDDelta-Seasonal-bar.png,VPDDelta-Seasonal-bar
WaterBalance.png,WaterBalance
WaterBalance_Monthly_Horizontal.jpg,WaterBalance_Monthly_Horizontal
WaterBalance_Monthly_Vertical.jpg,WaterBalance_Monthly_Vertical
